Marca_temporal,Departamento,Municipio,FechaHora,Incidente,SubIncidente,Coordenadas,Latitud,Longitud
2024-01-15T14:50:10.689Z,Copan,Nueva Arcadia ,2024-02-13T01:54:00Z,Delitos Contra La Muje u Hombre,Maltrato Familiar,"15.032487, -88.755193",15.032487,-88.755193
2024-01-15T15:55:48.883Z,Lempira ,Erandique ,2024-02-14T21:02:00Z,Delitos Contra La Muje u Hombre,Maltrato Familiar,"14.240440, -88.463644",14.240440,-88.463644
2024-02-12T13:39:10.132Z,Lempira ,La Iguala ,2024-02-10T12:17:00Z,Emergencia Medica,Emergencia Médica,"14.617983780694559, -88.46814060884411",14.617983780694559,-88.46814060884411
2024-02-12T13:51:45.811Z,Copan,Cucuyagua ,2024-02-10T20:02:00Z,Accidente de Transito,Colisión,"14.705932104863903, -88.79470094705098",14.705932104863903,-88.79470094705098
2024-02-12T16:07:54.109Z,Copan,Nueva Arcadia ,2024-02-09T16:39:00Z,Accidente de Transito,Atropello,"15.110999952339705, -88.69215075763364",15.110999952339705,-88.69215075763364
2024-02-12T16:10:44.823Z,Copan,Santa Rosa de Copán ,2024-02-09T18:25:00Z,Accidente de Transito,Choque,"14.762959832288203, -88.77432539647688",14.762959832288203,-88.77432539647688
2024-02-12T16:35:29.215Z,Ocotepeque,San Francisco del Valle ,2024-02-09T10:39:00Z,Accidente de Transito,Colisión,"14.436026645506796, -88.95512421709499",14.436026645506796,-88.95512421709499
2024-02-12T16:39:38.082Z,Copan,Nueva Arcadia ,2024-02-09T13:53:00Z,Accidente de Transito,Atropello,"15.11105782753824, -88.69202497000914",15.11105782753824,-88.69202497000914
2024-02-12T16:43:40.304Z,Copan,Santa Rosa de Copán ,2024-02-09T18:29:00Z,Accidente de Transito,Colisión,"14.7624348879539, -88.77451027935417",14.7624348879539,-88.77451027935417
2024-02-12T16:46:16.37Z,Lempira ,Gracias ,2024-02-09T19:33:00Z,Accidente de Transito,Colisión,"14.587531815963153, -88.58288110138008",14.587531815963153,-88.58288110138008
2024-02-12T16:48:48.657Z,Lempira ,Gracias ,2024-02-09T21:32:00Z,Accidente de Transito,Choque,"14.573843616896344, -88.59469638381735",14.573843616896344,-88.59469638381735
2024-02-12T16:51:34.639Z,Lempira ,Gracias ,2024-02-09T22:17:00Z,Accidente de Transito,Colisión,"14.596809273185105, -88.58174339990234",14.596809273185105,-88.58174339990234
2024-02-13T09:32:28.391Z,Lempira ,Gracias ,2024-02-10T20:42:00Z,Accidente de Transito,Despiste,"14.563803247785701, -88.57035623093607",14.563803247785701,-88.57035623093607
2024-02-13T09:35:43.622Z,Ocotepeque,La Labor ,2024-02-10T13:35:00Z,Accidente de Transito,Choque,"14.48461315658873, -88.99205631524575",14.48461315658873,-88.99205631524575
2024-02-13T10:35:47.053Z,Copan,Santa Rosa de Copán ,2024-02-09T16:04:00Z,Delitos Contra la Vida,Homicidio,"14.779331338052861, -88.7831760947052",14.779331338052861,-88.7831760947052
2024-02-13T10:59:19.626Z,Lempira ,La Iguala ,2024-02-10T18:32:00Z,Accidente de Transito,Despiste,"14.585645974794987, -88.50182524163112",14.585645974794987,-88.50182524163112
2024-02-13T11:06:26.956Z,Lempira ,Gracias ,2024-02-10T19:09:00Z,Accidente de Transito,Choque,"14.585611976775905, -88.58630935390839",14.585611976775905,-88.58630935390839
2024-02-13T11:10:57.921Z,Copan,Santa Rosa de Copán ,2024-02-10T19:25:00Z,Accidente de Transito,Atropello,"14.771041086251278, -88.78367901113933",14.771041086251278,-88.78367901113933
2024-02-13T11:13:20.619Z,Copan,Santa Rosa de Copán ,2024-02-10T19:28:00Z,Accidente de Transito,Colisión,"14.751074504724624, -88.77300272024941",14.751074504724624,-88.77300272024941
2024-02-13T11:21:34.589Z,Copan,Santa Rosa de Copán ,2024-02-11T00:15:00Z,Accidente de Transito,Caída,"14.753108383258427, -88.77745030750069",14.753108383258427,-88.77745030750069
2024-02-13T11:24:53.103Z,Copan,Santa Rosa de Copán ,2024-02-11T00:15:00Z,Accidente de Transito,Caída,"14.752822962021751, -88.77756836812489",14.752822962021751,-88.77756836812489
2024-02-13T11:27:45.345Z,Copan,Cucuyagua ,2024-02-11T07:51:00Z,Accidente de Transito,Caída,"14.669388930357016, -88.84988060435903",14.669388930357016,-88.84988060435903
2024-02-13T11:36:36.295Z,Copan,Santa Rosa de Copán ,2024-02-11T16:31:00Z,Accidente de Transito,Colisión,"14.783608957213149, -88.78034991370986",14.783608957213149,-88.78034991370986
2024-02-13T11:38:58.124Z,Copan,Nueva Arcadia ,2024-02-11T16:45:00Z,Accidente de Transito,Colisión,"15.109240123346819, -88.69448554932882",15.109240123346819,-88.69448554932882
2024-02-13T11:41:28.006Z,Lempira ,Las Flores ,2024-02-11T16:46:00Z,Accidente de Transito,Colisión,"14.715047725768859, -88.6340196015403",14.715047725768859,-88.6340196015403
2024-02-13T11:56:46.056Z,Copan,El Paraíso ,2024-02-11T18:50:00Z,Delitos Contra la Vida,Homicidio,"15.02871555122135, -88.9364232452456",15.02871555122135,-88.9364232452456
2024-02-13T11:57:27.244Z,Lempira ,Talgua ,2024-02-11T18:03:00Z,Accidente de Transito,Colisión,"14.707773673606406, -88.70650925533224",14.707773673606406,-88.70650925533224
2024-02-13T13:05:43.215Z,Lempira ,Gracias ,2024-02-11T20:51:00Z,Accidente de Transito,Choque,"14.601854683633471, -88.58391077850196",14.601854683633471,-88.58391077850196
2024-02-13T13:18:45.113Z,Ocotepeque,Ocotepeque ,2024-02-11T21:15:00Z,Accidente de Transito,Atropello,"14.420635718624293, -89.18545450081308",14.420635718624293,-89.18545450081308
2024-02-13T13:20:52.32Z,Copan,Santa Rosa de Copán ,2024-02-11T21:27:00Z,Accidente de Transito,Atropello,"14.768242911851406, -88.77117785180089",14.768242911851406,-88.77117785180089
2024-02-13T13:24:10.355Z,Lempira ,Gracias ,2024-02-11T22:39:00Z,Accidente de Transito,Colisión,"14.602622695787627, -88.58379253685537",14.602622695787627,-88.58379253685537
2024-02-13T13:27:11.542Z,Copan,Santa Rosa de Copán ,2024-02-11T23:56:00Z,Accidente de Transito,Atropello,"14.717425212891392, -88.77561836682892",14.717425212891392,-88.77561836682892
2024-02-13T13:31:08.728Z,Copan,Nueva Arcadia ,2024-02-12T07:13:00Z,Accidente de Transito,Caída,"15.109230316230883, -88.69454408136082",15.109230316230883,-88.69454408136082
2024-02-13T13:42:10.618Z,Ocotepeque,La Encarnación ,2024-02-10T02:46:00Z,Delitos Contra la Niñez Adolescencia,Maltrato Familiar,"14.66318295894729, -89.05393109354138",14.66318295894729,-89.05393109354138
2024-02-13T13:46:30.585Z,Lempira ,Gracias ,2024-02-10T18:38:00Z,Delitos Contra la Niñez Adolescencia,Maltrato Familiar,"14.618713883523759, -88.58870367098277",14.618713883523759,-88.58870367098277
2024-02-13T14:10:45.207Z,Lempira ,Gracias ,2024-02-09T01:38:00Z,Delitos Contra La Propiedad,Robo A Personas,"14.586574842837702, -88.58175841421084",14.586574842837702,-88.58175841421084
2024-02-13T14:13:02.793Z,Copan,Santa Rosa de Copán ,2024-02-09T09:10:00Z,Delitos Contra La Propiedad,Robo A Personas,"14.768905785140284, -88.78458136392152",14.768905785140284,-88.78458136392152
2024-02-13T14:15:11.366Z,Lempira ,Gracias ,2024-02-09T10:26:00Z,Delitos Contra La Propiedad,Hurto A Vehículo Automotor,"14.587534461584388, -88.581160865812",14.587534461584388,-88.581160865812
2024-02-13T14:18:58.264Z,Copan,Santa Rosa de Copán ,2024-02-09T23:09:00Z,Delitos Contra La Propiedad,Robo A Vivienda,"14.762944275604742, -88.77432264618587",14.762944275604742,-88.77432264618587
2024-02-13T14:22:00.963Z,Copan,Copán Ruinas ,2024-02-10T10:43:00Z,Delitos Contra La Propiedad,Robo A Comercio,"14.840826032999123, -89.15435320473392",14.840826032999123,-89.15435320473392
2024-02-13T14:24:13.743Z,Lempira ,Gracias ,2024-02-10T12:25:00Z,Delitos Contra La Propiedad,Robo A Personas,"14.596144807885166, -88.59333679195498",14.596144807885166,-88.59333679195498
2024-02-13T14:26:34.146Z,Ocotepeque,Ocotepeque ,2024-02-11T03:06:00Z,Delitos Contra La Propiedad,Hurto De Vehículo,"14.4073524781561, -88.95860553448496",14.4073524781561,-88.95860553448496
2024-02-13T14:28:40.528Z,Copan,Veracruz ,2024-02-11T13:52:00Z,Delitos Contra La Propiedad,Robo A Vivienda,"14.893446704041468, -88.78237367975406",14.893446704041468,-88.78237367975406
2024-02-13T14:30:49.427Z,Copan,Copán Ruinas ,2024-02-11T19:25:00Z,Delitos Contra La Propiedad,Hurto A Personas,"14.840886939427877, -89.15482743461371",14.840886939427877,-89.15482743461371
2024-02-13T14:42:42.25Z,Copan,Santa Rosa de Copán ,2024-02-09T16:04:00Z,Delitos Contra la Vida,Homicidio,"14.779241057894286, -88.78300625376083",14.779241057894286,-88.78300625376083
2024-02-13T14:44:33.044Z,Ocotepeque,Sinuapa ,2024-02-09T23:00:00Z,Delitos Contra la Vida,Homicidio,"14.442887427222216, -89.18119852457458",14.442887427222216,-89.18119852457458
2024-02-13T14:47:40.978Z,Copan,El Paraíso ,2024-02-11T18:50:00Z,Delitos Contra la Vida,Homicidio,"15.026652983688365, -88.93707082444905",15.026652983688365,-88.93707082444905
2024-02-13T15:07:13.236Z,Ocotepeque,Ocotepeque ,2024-02-11T17:54:00Z,Incendio,Forestal,"14.427496756336085, -89.18490915569214",14.427496756336085,-89.18490915569214
2024-02-13T15:14:18.926Z,Ocotepeque,Santa Fe ,2024-02-11T12:15:00Z,Incendio,Forestal,"14.51656038983986, -89.2353858331491",14.51656038983986,-89.2353858331491
2024-02-13T15:37:07.171Z,Lempira ,Gracias ,2024-02-10T13:46:00Z,Incendio,Zacatera,"14.58448950218223, -88.58737318015388",14.58448950218223,-88.58737318015388
2024-02-13T15:41:00.496Z,Ocotepeque,Ocotepeque ,2024-02-10T21:04:00Z,Incendio,Zacatera,"14.431445850219562, -89.18317072579715",14.431445850219562,-89.18317072579715
2024-02-13T15:43:05.516Z,Copan,Santa Rosa de Copán ,2024-02-11T12:04:00Z,Incendio,Estructural,"14.761363070949045, -88.77500015465489",14.761363070949045,-88.77500015465489
2024-02-13T16:12:48.126Z,Copan,Nueva Arcadia ,2024-02-11T12:08:00Z,Incendio,Zacatera,"15.062988792928948, -88.74971662782167",15.062988792928948,-88.74971662782167
2024-02-13T16:15:31.653Z,Lempira ,Gracias ,2024-02-11T14:44:00Z,Incendio,Líneas Y Tendido Eléctrico,"14.591318570680647, -88.58605243774775",14.591318570680647,-88.58605243774775
2024-02-13T16:20:56.951Z,Lempira ,Gracias ,2024-02-11T20:59:00Z,Incendio,Forestal,"14.586498936127484, -88.58141745633263",14.586498936127484,-88.58141745633263
2024-02-13T16:31:45.044Z,Lempira ,Gracias ,2024-02-11T21:11:00Z,Incendio,Zacatera,"14.58225223430819, -88.58812479627893",14.58225223430819,-88.58812479627893
2024-02-14T11:11:19.21Z,Copan,Santa Rosa de Copán ,2024-02-09T21:50:00Z,Emergencia Medica,Emergencia Médica,"14.780051519764434, -88.7628958576305",14.780051519764434,-88.7628958576305
2024-02-14T11:16:29.81Z,Copan,Dolores ,2024-02-10T06:38:00Z,Emergencia Medica,Emergencia Médica,"14.875398261374029, -88.81627678345163",14.875398261374029,-88.81627678345163
2024-02-14T11:29:16.598Z,Copan,Santa Rosa de Copán ,2024-02-10T11:42:00Z,Emergencia Medica,Emergencia Médica,"14.767803539412684, -88.76812625473362",14.767803539412684,-88.76812625473362
2024-02-14T11:31:07.454Z,Lempira ,La Iguala ,2024-02-10T12:17:00Z,Emergencia Medica,Emergencia Médica,"14.618419846904859, -88.46445448600022",14.618419846904859,-88.46445448600022
2024-02-14T11:33:09.044Z,Lempira ,Lepaera ,2024-02-10T19:38:00Z,Emergencia Medica,Emergencia Médica,"14.776998617853979, -88.58724835211073",14.776998617853979,-88.58724835211073
2024-02-14T11:35:06.963Z,Copan,Santa Rosa de Copán ,2024-02-11T00:30:00Z,Emergencia Medica,Emergencia Médica,"14.753547614953419, -88.77665489514627",14.753547614953419,-88.77665489514627
2024-02-14T11:36:47.709Z,Ocotepeque,Sensenti ,2024-02-11T09:50:00Z,Emergencia Medica,Emergencia Médica,"14.473674877861923, -88.9237474980551",14.473674877861923,-88.9237474980551
2024-02-14T11:43:57.676Z,Lempira ,Gracias ,2024-02-11T16:12:00Z,Emergencia Medica,Emergencia Médica,"14.588276103788916, -88.5816478974854",14.588276103788916,-88.5816478974854
2024-02-14T15:22:20.623Z,Copan,Corquín ,2024-02-09T01:36:00Z,Delitos Contra La Muje u Hombre,Maltrato Familiar,"14.585264541734194, -88.86875162375061",14.585264541734194,-88.86875162375061
2024-02-14T15:38:59.591Z,Copan,Santa Rosa de Copán ,2024-02-09T08:27:00Z,Delitos Contra La Muje u Hombre,Maltrato Familiar,"14.778198623675307, -88.79914293657856",14.778198623675307,-88.79914293657856
2024-02-14T15:41:35.216Z,Lempira ,Valladolid,2024-02-09T11:09:00Z,Delitos Contra La Muje u Hombre,Maltrato Familiar,"14.147964940699326, -88.69702115672257",14.147964940699326,-88.69702115672257
2024-02-14T15:48:38.91Z,Copan,Copán Ruinas ,2024-02-09T14:19:00Z,Delitos Contra La Muje u Hombre,Violencia Doméstica,"14.865833077999747, -89.16181975438299",14.865833077999747,-89.16181975438299
2024-02-14T15:51:12.734Z,Lempira ,La Unión ,2024-02-09T15:30:00Z,Delitos Contra La Muje u Hombre,Violencia Doméstica,"14.816562253730506, -88.40246731294552",14.816562253730506,-88.40246731294552
2024-02-14T16:05:08.434Z,Lempira ,Lepaera ,2024-02-09T16:55:00Z,Delitos Contra La Muje u Hombre,Maltrato Familiar,"14.806399985711836, -88.56188451709072",14.806399985711836,-88.56188451709072
2024-02-14T16:21:40.473Z,Copan,San José ,2024-02-09T18:35:00Z,Delitos Contra La Muje u Hombre,Violencia Doméstica,"14.90020683177828, -88.71743953219007",14.90020683177828,-88.71743953219007
2024-02-14T16:30:56.241Z,Copan,Copán Ruinas ,2024-02-09T19:14:00Z,Delitos Contra La Muje u Hombre,Maltrato Familiar,"14.847447507214506, -89.1622870971386",14.847447507214506,-89.1622870971386
2024-02-14T16:45:05.175Z,Ocotepeque,Sensenti ,2024-02-09T20:12:00Z,Delitos Contra La Muje u Hombre,Maltrato Familiar,"14.501977373012878, -88.93917568975452",14.501977373012878,-88.93917568975452
2024-02-15T09:31:53.58Z,Copan,Copán Ruinas ,2024-02-09T20:49:00Z,Delitos Contra La Muje u Hombre,Violencia Doméstica,"14.849146633395137, -89.15310901316518",14.849146633395137,-89.15310901316518
2024-02-15T09:39:41.843Z,Lempira ,Candelaria ,2024-02-09T21:19:00Z,Delitos Contra La Muje u Hombre,Maltrato Familiar,"14.093456501832629, -88.55708907245427",14.093456501832629,-88.55708907245427
2024-02-15T09:45:17.043Z,Lempira ,Gracias ,2024-02-09T21:48:00Z,Delitos Contra La Muje u Hombre,Violencia Doméstica,"14.581887440739045, -88.58525444516098",14.581887440739045,-88.58525444516098
2024-02-15T09:51:19.48Z,Lempira ,Gracias ,2024-02-10T00:00:00Z,Delitos Contra La Muje u Hombre,Maltrato Familiar,"14.567721514378393, -88.59016269165782",14.567721514378393,-88.59016269165782
2024-02-15T10:08:40.747Z,Copan,Santa Rita ,2024-02-10T00:21:00Z,Delitos Contra La Muje u Hombre,Maltrato Familiar,"14.923774842617444, -88.98979284831753",14.923774842617444,-88.98979284831753
2024-02-15T10:14:46.074Z,Lempira ,San Rafael,2024-02-10T06:54:00Z,Delitos Contra La Muje u Hombre,Maltrato Familiar,"14.73020707187732, -88.42221733670267",14.73020707187732,-88.42221733670267
2024-02-15T10:16:52.297Z,Copan,Santa Rosa de Copán ,2024-02-10T09:44:00Z,Delitos Contra La Muje u Hombre,Maltrato Familiar,"14.764427509517834, -88.80815909435438",14.764427509517834,-88.80815909435438
2024-02-15T10:19:43.123Z,Copan,Nueva Arcadia ,2024-02-10T09:50:00Z,Delitos Contra La Muje u Hombre,Maltrato Familiar,"15.073192786547553, -88.74438371078105",15.073192786547553,-88.74438371078105
2024-02-15T10:29:40.519Z,Copan,San Nicolás ,2024-02-10T11:37:00Z,Delitos Contra La Muje u Hombre,Maltrato Familiar,"15.01085526593132, -88.68617349767416",15.01085526593132,-88.68617349767416
2024-02-15T10:34:49.622Z,Lempira ,Gracias ,2024-02-10T12:22:00Z,Delitos Contra La Muje u Hombre,Violencia Doméstica,"14.59368923384886, -88.58909057792238",14.59368923384886,-88.58909057792238
2024-02-15T10:39:34.391Z,Ocotepeque,La Encarnación ,2024-02-10T13:57:00Z,Delitos Contra La Muje u Hombre,Violencia Doméstica,"14.663882379265063, -89.04782701491338",14.663882379265063,-89.04782701491338
2024-02-15T10:42:27.698Z,Lempira ,La Iguala ,2024-02-10T14:30:00Z,Delitos Contra La Muje u Hombre,Violencia Doméstica,"14.70045613931024, -88.48500675441169",14.70045613931024,-88.48500675441169
2024-02-15T11:10:18.01Z,Ocotepeque,Lucerna ,2024-02-10T15:32:00Z,Delitos Contra La Muje u Hombre,Maltrato Familiar,"14.558024514969304, -88.9353811354944",14.558024514969304,-88.9353811354944
2024-02-15T11:24:30.346Z,Copan,Nueva Arcadia ,2024-02-10T16:10:00Z,Delitos Contra La Muje u Hombre,Maltrato Familiar,"15.048904445637527, -88.75793375912923",15.048904445637527,-88.75793375912923
2024-02-15T11:39:12.149Z,Lempira ,Gracias ,2024-02-10T16:12:00Z,Delitos Contra La Muje u Hombre,Violencia Doméstica,"14.590456269958233, -88.57357198097102",14.590456269958233,-88.57357198097102
2024-02-15T11:42:11.603Z,Copan,Nueva Arcadia ,2024-02-10T16:34:00Z,Delitos Contra La Muje u Hombre,Maltrato Familiar,"15.049198591127183, -88.75380130994385",15.049198591127183,-88.75380130994385
2024-02-15T11:53:02.877Z,Copan,Copán Ruinas ,2024-02-10T16:58:00Z,Delitos Contra La Muje u Hombre,Maltrato Familiar,"14.961877331057298, -89.1395593551733",14.961877331057298,-89.1395593551733
2024-02-15T11:58:26.897Z,Copan,Cucuyagua ,2024-02-10T17:16:00Z,Delitos Contra La Muje u Hombre,Maltrato Familiar,"14.655091822839832, -88.89173187177857",14.655091822839832,-88.89173187177857
2024-02-15T12:00:49.281Z,Ocotepeque,Lucerna ,2024-02-10T18:46:00Z,Delitos Contra La Muje u Hombre,Maltrato Familiar,"14.558446336289764, -88.93637664837291",14.558446336289764,-88.93637664837291
2024-02-15T12:20:06.702Z,Lempira ,San Marcos de Caiquín ,2024-02-10T20:16:00Z,Delitos Contra La Muje u Hombre,Maltrato Familiar,"14.376550436118682, -88.5822506612733",14.376550436118682,-88.5822506612733
2024-02-15T12:23:14.416Z,Copan,Santa Rosa de Copán ,2024-02-10T20:35:00Z,Delitos Contra La Muje u Hombre,Maltrato Familiar,"14.770822187974334, -88.77076512956974",14.770822187974334,-88.77076512956974
2024-02-15T12:26:25.73Z,Copan,Nueva Arcadia ,2024-02-10T21:22:00Z,Delitos Contra La Muje u Hombre,Maltrato Familiar,"15.05808335352432, -88.74203841146117",15.05808335352432,-88.74203841146117
2024-02-15T12:28:57.649Z,Copan,La Unión ,2024-02-10T21:40:00Z,Delitos Contra La Muje u Hombre,Violencia Doméstica,"14.766421699853153, -88.94947255406194",14.766421699853153,-88.94947255406194
2024-02-15T12:31:27.863Z,Lempira ,Gracias ,2024-02-10T21:06:00Z,Delitos Contra La Muje u Hombre,Violencia Doméstica,"14.597610775115346, -88.59025356527934",14.597610775115346,-88.59025356527934
2024-02-15T14:21:40.621Z,Ocotepeque,San Marcos ,2024-02-11T02:15:00Z,Delitos Contra La Muje u Hombre,Violencia Doméstica,"14.411459905095228, -88.95458283333498",14.411459905095228,-88.95458283333498
2024-02-15T14:27:48.996Z,Copan,San Nicolás ,2024-02-11T08:57:00Z,Delitos Contra La Muje u Hombre,Violencia Doméstica,"15.007560859002139, -88.68918201015703",15.007560859002139,-88.68918201015703
2024-02-15T14:31:54.444Z,Copan,Nueva Arcadia ,2024-02-11T09:04:00Z,Delitos Contra La Muje u Hombre,Maltrato Familiar,"15.058901556751936, -88.74184594691141",15.058901556751936,-88.74184594691141
2024-02-15T14:34:33.732Z,Copan,San Agustín ,2024-02-11T09:13:00Z,Delitos Contra La Muje u Hombre,Maltrato Familiar,"14.821415495266997, -88.93984085480541",14.821415495266997,-88.93984085480541
2024-02-15T14:37:56.431Z,Copan,Santa Rosa de Copán ,2024-02-11T09:53:00Z,Delitos Contra La Muje u Hombre,Maltrato Familiar,"14.79716511375472, -88.77080274446713",14.79716511375472,-88.77080274446713
2024-02-15T15:00:44.231Z,Lempira ,Gracias ,2024-02-11T11:13:00Z,Delitos Contra La Muje u Hombre,Maltrato Familiar,"14.673581202216043, -88.54855243243433",14.673581202216043,-88.54855243243433
2024-02-15T15:03:43.736Z,Copan,Corquín ,2024-02-11T12:36:00Z,Delitos Contra La Muje u Hombre,Maltrato Familiar,"14.562826228051383, -88.85530989746685",14.562826228051383,-88.85530989746685
2024-02-15T15:09:15.978Z,Copan,Corquín ,2024-02-11T12:37:00Z,Delitos Contra La Muje u Hombre,Maltrato Familiar,"14.569365255733395, -88.86931271339611",14.569365255733395,-88.86931271339611
2024-02-15T15:10:45.562Z,Copan,Corquín ,2024-02-11T15:50:00Z,Delitos Contra La Muje u Hombre,Violencia Doméstica,"14.570279031525777, -88.86833638936336",14.570279031525777,-88.86833638936336
2024-02-15T15:12:39.927Z,Copan,Santa Rosa de Copán ,2024-02-11T15:44:00Z,Delitos Contra La Muje u Hombre,Maltrato Familiar,"14.826228319522876, -88.78688478866029",14.826228319522876,-88.78688478866029
2024-02-15T15:14:38.981Z,Copan,San Agustín ,2024-02-11T16:38:00Z,Delitos Contra La Muje u Hombre,Violencia Doméstica,"14.81769308320497, -88.93757126366965",14.81769308320497,-88.93757126366965
2024-02-15T15:21:49.564Z,Lempira ,Erandique ,2024-02-11T16:51:00Z,Delitos Contra La Muje u Hombre,Maltrato Familiar,"14.237798073358869, -88.46750427236684",14.237798073358869,-88.46750427236684
2024-02-15T15:24:58.29Z,Ocotepeque,La Labor ,2024-02-11T16:52:00Z,Delitos Contra La Muje u Hombre,Maltrato Familiar,"14.465204131002706, -89.01541475499354",14.465204131002706,-89.01541475499354
2024-02-15T15:26:56.467Z,Copan,Copán Ruinas ,2024-02-11T17:13:00Z,Delitos Contra La Muje u Hombre,Violencia Doméstica,"14.83874613761467, -89.1623122532507",14.83874613761467,-89.1623122532507
2024-02-15T15:29:27.312Z,Lempira ,Valladolid,2024-02-11T17:52:00Z,Delitos Contra La Muje u Hombre,Maltrato Familiar,"14.151689646621266, -88.7336766772857",14.151689646621266,-88.7336766772857
2024-02-15T15:32:06.644Z,Lempira ,Talgua ,2024-02-11T17:58:00Z,Delitos Contra La Muje u Hombre,Maltrato Familiar,"14.707684450888769, -88.70636420483932",14.707684450888769,-88.70636420483932
2024-02-15T15:34:42.741Z,Copan,Concepción ,2024-02-11T18:14:00Z,Delitos Contra La Muje u Hombre,Maltrato Familiar,"14.83196351040246, -88.84202591413634",14.83196351040246,-88.84202591413634
2024-02-15T15:38:42.787Z,Ocotepeque,Sensenti ,2024-02-11T18:28:00Z,Delitos Contra La Muje u Hombre,Maltrato Familiar,"14.489640484730494, -88.9156817594233",14.489640484730494,-88.9156817594233
2024-02-15T15:41:19.144Z,Lempira ,La Unión ,2024-02-11T18:46:00Z,Delitos Contra La Muje u Hombre,Maltrato Familiar,"14.811753926798907, -88.41413858918729",14.811753926798907,-88.41413858918729
2024-02-15T15:43:34.5Z,Ocotepeque,Belén Gualcho ,2024-02-11T19:10:00Z,Delitos Contra La Muje u Hombre,Maltrato Familiar,"14.481020589814202, -88.79279672181138",14.481020589814202,-88.79279672181138
2024-02-15T15:46:35.603Z,Copan,Copán Ruinas ,2024-02-11T19:27:00Z,Delitos Contra La Muje u Hombre,Maltrato Familiar,"14.847070518666737, -89.15996000165399",14.847070518666737,-89.15996000165399
2024-02-15T15:48:25.033Z,Lempira ,Lepaera ,2024-02-11T19:46:00Z,Delitos Contra La Muje u Hombre,Maltrato Familiar,"14.842764928127059, -88.5680847834906",14.842764928127059,-88.5680847834906
2024-02-15T15:50:51.561Z,Copan,El Paraíso ,2024-02-11T19:52:00Z,Delitos Contra La Muje u Hombre,Maltrato Familiar,"15.050993571488924, -88.99984544268898",15.050993571488924,-88.99984544268898
2024-02-15T15:52:56.475Z,Copan,La Jigua ,2024-02-11T20:08:00Z,Delitos Contra La Muje u Hombre,Maltrato Familiar,"15.0440673921761, -88.79758705914051",15.0440673921761,-88.79758705914051
2024-02-15T15:57:07.87Z,Copan,San Juan de Opoa ,2024-02-11T20:10:00Z,Delitos Contra La Muje u Hombre,Violencia Doméstica,"14.772734734368518, -88.72630945942014",14.772734734368518,-88.72630945942014
2024-02-15T15:59:44.798Z,Copan,Corquín ,2024-02-11T21:18:00Z,Delitos Contra La Muje u Hombre,Maltrato Familiar,"14.572009992232138, -88.86770800815877",14.572009992232138,-88.86770800815877
2024-02-15T16:02:11.103Z,Lempira ,San Rafael,2024-02-11T21:08:00Z,Delitos Contra La Muje u Hombre,Violencia Doméstica,"14.726658375695825, -88.41924544926235",14.726658375695825,-88.41924544926235
2024-02-15T16:05:56.871Z,Lempira ,Gracias ,2024-02-11T21:23:00Z,Delitos Contra La Muje u Hombre,Maltrato Familiar,"14.579650580413455, -88.5976349038272",14.579650580413455,-88.5976349038272
2024-02-15T16:09:34.976Z,Copan,Cucuyagua ,2024-02-11T23:42:00Z,Delitos Contra La Muje u Hombre,Violencia Doméstica,"14.648202854611831, -88.8759220728661",14.648202854611831,-88.8759220728661
2024-02-15T16:11:29.374Z,Lempira ,Gracias ,2024-02-12T07:40:00Z,Delitos Contra La Muje u Hombre,Violencia Doméstica,"14.592466733332746, -88.57294962569051",14.592466733332746,-88.57294962569051
2024-02-15T16:13:21.116Z,Copan,La Unión ,2024-02-12T08:24:00Z,Delitos Contra La Muje u Hombre,Violencia Doméstica,"14.659907281101946, -88.89867421496739",14.659907281101946,-88.89867421496739
2024-02-16T13:21:14.799Z,Copan,San Juan de Opoa ,2024-02-12T10:28:00Z,Accidente de Transito,Colisión,"14.774233352395756, -88.6841771345444",14.774233352395756,-88.6841771345444
2024-02-16T13:24:34.18Z,Copan,Santa Rosa de Copán ,2024-02-12T14:13:00Z,Accidente de Transito,Choque,"14.777904368753424, -88.78067222672628",14.777904368753424,-88.78067222672628
2024-02-16T13:30:17.992Z,Lempira ,Lepaera ,2024-02-12T15:36:00Z,Accidente de Transito,Colisión,"14.784850876407276, -88.58654927080542",14.784850876407276,-88.58654927080542
2024-02-16T13:44:21.9Z,Copan,Santa Rosa de Copán ,2024-02-12T16:46:00Z,Accidente de Transito,Colisión,"14.786135329658876, -88.78038226339662",14.786135329658876,-88.78038226339662
2024-02-16T13:48:16.383Z,Copan,Santa Rosa de Copán ,2024-02-12T17:49:00Z,Accidente de Transito,Colisión,"14.769874908123507, -88.77202365722532",14.769874908123507,-88.77202365722532
2024-02-16T13:54:03.139Z,Lempira ,Lepaera ,2024-02-12T18:11:00Z,Accidente de Transito,Choque,"14.765171586423584, -88.59634927403775",14.765171586423584,-88.59634927403775
2024-02-16T13:56:41.16Z,Lempira ,Lepaera ,2024-02-12T20:51:00Z,Accidente de Transito,Choque,"14.778844838274567, -88.59172723145933",14.778844838274567,-88.59172723145933
2024-02-16T14:00:40.272Z,Copan,Santa Rosa de Copán ,2024-02-12T09:23:00Z,Accidente de Transito,Choque,"14.761257333073253, -88.7755609560954",14.761257333073253,-88.7755609560954
2024-02-16T14:03:19.979Z,Copan,La Unión ,2024-02-13T01:53:00Z,Accidente de Transito,Despiste,"14.649773558157472, -88.8840255591177",14.649773558157472,-88.8840255591177
2024-02-16T14:07:55.599Z,Copan,Santa Rosa de Copán ,2024-02-13T16:44:00Z,Accidente de Transito,Choque,"14.765445283541643, -88.77918280281585",14.765445283541643,-88.77918280281585
2024-02-16T14:10:57.125Z,Lempira ,Gracias ,2024-02-13T19:00:00Z,Accidente de Transito,Choque,"14.583947870474184, -88.58344352175054",14.583947870474184,-88.58344352175054
2024-02-16T14:14:08.791Z,Ocotepeque,Sinuapa ,2024-02-13T19:01:00Z,Accidente de Transito,Colisión,"14.464793550292574, -89.07267887987092",14.464793550292574,-89.07267887987092
2024-02-16T14:16:41.078Z,Copan,Santa Rosa de Copán ,2024-02-13T19:34:00Z,Accidente de Transito,Atropello,"14.761237707646474, -88.77503048780079",14.761237707646474,-88.77503048780079
2024-02-16T14:18:38.422Z,Copan,Santa Rosa de Copán ,2024-02-13T19:53:00Z,Accidente de Transito,Colisión,"14.771432931235505, -88.78345936491192",14.771432931235505,-88.78345936491192
2024-02-16T14:23:09.809Z,Ocotepeque,Ocotepeque ,2024-02-14T12:24:00Z,Accidente de Transito,Colisión,"14.43561749843755, -89.18279672360782",14.43561749843755,-89.18279672360782
2024-02-16T14:25:18.847Z,Copan,Santa Rosa de Copán ,2024-02-14T14:10:00Z,Accidente de Transito,Choque,"14.764456991635626, -88.7750904521416",14.764456991635626,-88.7750904521416
2024-02-16T14:27:17.158Z,Ocotepeque,Ocotepeque ,2024-02-14T15:04:00Z,Accidente de Transito,Choque,"14.433523901282678, -89.18387882894179",14.433523901282678,-89.18387882894179
2024-02-16T14:29:39.957Z,Copan,El Paraíso ,2024-02-14T19:30:00Z,Accidente de Transito,Choque,"15.051987485367745, -88.99624887995371",15.051987485367745,-88.99624887995371
2024-02-16T15:16:26.925Z,Copan,Nueva Arcadia ,2024-02-15T06:59:00Z,Accidente de Transito,Colisión,"15.033447108887458, -88.75607190213137",15.033447108887458,-88.75607190213137
2024-02-16T15:19:31.196Z,Copan,Nueva Arcadia ,2024-02-15T07:21:00Z,Accidente de Transito,Colisión,"15.082915830470196, -88.72946755431191",15.082915830470196,-88.72946755431191
2024-02-16T15:23:02.779Z,Lempira ,Gracias ,2024-02-15T09:34:00Z,Accidente de Transito,Colisión,"14.592033165010413, -88.58475333366717",14.592033165010413,-88.58475333366717
2024-02-16T15:34:14.833Z,Ocotepeque,San Marcos ,2024-02-15T14:12:00Z,Accidente de Transito,Colisión,"14.40866281561775, -88.95275203386487",14.40866281561775,-88.95275203386487
2024-02-16T15:42:27.154Z,Copan,Santa Rosa de Copán ,2024-02-15T15:37:00Z,Accidente de Transito,Choque,"14.765296908202144, -88.77880487108146",14.765296908202144,-88.77880487108146
2024-02-16T15:46:06.436Z,Lempira ,Belén ,2024-02-15T15:47:00Z,Accidente de Transito,Colisión,"14.525714052750883, -88.51587223667401",14.525714052750883,-88.51587223667401
2024-02-16T16:29:01.91Z,Copan,Santa Rosa de Copán ,2024-02-13T13:58:00Z,Delitos Contra la Niñez Adolescencia,Maltrato Familiar,"14.765949919668872, -88.77039746712856",14.765949919668872,-88.77039746712856
2024-02-16T16:37:09.139Z,Lempira ,Lepaera ,2024-02-14T19:24:00Z,Delitos Contra la Niñez Adolescencia,Maltrato Familiar,"14.783273313676773, -88.57764424205716",14.783273313676773,-88.57764424205716
2024-02-19T09:24:14.639Z,Copan,Santa Rosa de Copán ,2024-02-12T09:21:00Z,Delitos Contra La Propiedad,Robo A Personas,"14.767308037328162, -88.77847066018847",14.767308037328162,-88.77847066018847
2024-02-19T09:27:19.497Z,Lempira ,Gracias ,2024-02-12T17:09:00Z,Delitos Contra La Propiedad,Hurto A Vivienda,"14.600372191116888, -88.58973597131384",14.600372191116888,-88.58973597131384
2024-02-19T09:29:44.437Z,Copan,Trinidad de Copán ,2024-02-12T18:01:00Z,Delitos Contra La Propiedad,Robo A Personas,"14.946450849006524, -88.74223711727329",14.946450849006524,-88.74223711727329
2024-02-19T09:34:01.862Z,Lempira ,La Unión ,2024-02-13T12:40:00Z,Delitos Contra La Propiedad,Robo A Personas,"14.815359969277832, -88.40241829166243",14.815359969277832,-88.40241829166243
2024-02-19T09:36:47.847Z,Lempira ,Gracias ,2024-02-13T20:44:00Z,Delitos Contra La Propiedad,Robo A Vivienda,"14.587618221343508, -88.58664184550504",14.587618221343508,-88.58664184550504
2024-02-19T09:40:57.362Z,Lempira ,La Iguala ,2024-02-14T12:41:00Z,Delitos Contra La Propiedad,Robo A Personas,"14.762065689366178, -88.43965385147276",14.762065689366178,-88.43965385147276
2024-02-19T09:43:22.261Z,Copan,San Nicolás ,2024-02-14T13:54:00Z,Delitos Contra La Propiedad,Robo A Personas,"14.941081210836412, -88.32897303327316",14.941081210836412,-88.32897303327316
2024-02-19T09:45:47.308Z,Copan,Corquín ,2024-02-14T18:42:00Z,Delitos Contra La Propiedad,Robo A Vivienda,"14.581443532191468, -88.86888036977692",14.581443532191468,-88.86888036977692
2024-02-19T09:47:52.321Z,Copan,Concepción ,2024-02-15T13:10:00Z,Delitos Contra La Propiedad,Hurto A Vivienda,"14.83197388176111, -88.84071699620232",14.83197388176111,-88.84071699620232
2024-02-19T09:53:36.665Z,Lempira ,Piraera ,2024-02-13T07:09:00Z,Delitos Contra la Vida,Homicidio,"14.066118341213897, -88.47879053483703",14.066118341213897,-88.47879053483703
2024-02-19T09:56:21.901Z,Ocotepeque,San Jorge ,2024-02-14T15:41:00Z,Delitos Contra la Vida,Homicidio,"14.691808905499707, -89.03939878679554",14.691808905499707,-89.03939878679554
2024-02-19T10:07:00.699Z,Ocotepeque,Ocotepeque ,2024-02-12T11:07:00Z,Emergencia Medica,Emergencia Médica,"14.43890422094901, -89.19827606672153",14.43890422094901,-89.19827606672153
2024-02-19T10:22:14.689Z,Copan,Cucuyagua ,2024-02-12T14:05:00Z,Emergencia Medica,Emergencia Médica,"14.641657599609625, -88.8741201025788",14.641657599609625,-88.8741201025788
2024-02-19T10:45:52.679Z,Copan,Santa Rosa de Copán ,2024-02-12T21:46:00Z,Emergencia Medica,Emergencia Médica,"14.82203051434039, -88.7808687426291",14.82203051434039,-88.7808687426291
2024-02-19T10:51:16.314Z,Ocotepeque,Ocotepeque ,2024-02-13T15:55:00Z,Emergencia Medica,Emergencia Médica,"14.439139891191864, -89.1982989439829",14.439139891191864,-89.1982989439829
2024-02-19T10:55:39.784Z,Lempira ,Gracias ,2024-02-13T23:35:00Z,Emergencia Medica,Emergencia Médica,"14.580925887398855, -88.58954293842103",14.580925887398855,-88.58954293842103
2024-02-19T11:06:09.594Z,Copan,Cabañas ,2024-02-14T23:31:00Z,Emergencia Medica,Emergencia Médica,"14.781986665912301, -89.06632488131604",14.781986665912301,-89.06632488131604
2024-02-19T11:08:08.274Z,Ocotepeque,Ocotepeque ,2024-02-15T12:38:00Z,Emergencia Medica,Emergencia Médica,"14.438869369519818, -89.19826677350737",14.438869369519818,-89.19826677350737
2024-02-19T11:12:05.544Z,Copan,Santa Rosa de Copán ,2024-02-15T15:49:00Z,Emergencia Medica,Emergencia Médica,"14.792804641696286, -88.76025467470002",14.792804641696286,-88.76025467470002
2024-02-19T11:17:41.935Z,Copan,Nueva Arcadia ,2024-02-12T12:56:00Z,Incendio,Zacatera,"15.065228873458166, -88.7460380775055",15.065228873458166,-88.7460380775055
2024-02-19T11:21:17.775Z,Copan,Nueva Arcadia ,2024-02-13T11:41:00Z,Incendio,Zacatera,"15.067271648438336, -88.74600984089936",15.067271648438336,-88.74600984089936
2024-02-19T11:34:50.357Z,Lempira ,Gracias ,2024-02-12T09:42:00Z,Delitos Contra La Muje u Hombre,Maltrato Familiar,"14.596861204379122, -88.59267160415246",14.596861204379122,-88.59267160415246
2024-02-19T11:37:22.83Z,Ocotepeque,Mercedes ,2024-02-12T09:44:00Z,Delitos Contra La Muje u Hombre,Maltrato Familiar,"14.301341322694496, -88.993802298057",14.301341322694496,-88.993802298057
2024-02-19T11:52:22.956Z,Ocotepeque,La Encarnación ,2024-02-12T11:10:00Z,Delitos Contra La Muje u Hombre,Violencia Doméstica,"14.663899364216094, -89.04790808825683",14.663899364216094,-89.04790808825683
2024-02-19T11:54:05.605Z,Lempira ,Belén ,2024-02-12T11:15:00Z,Delitos Contra La Muje u Hombre,Maltrato Familiar,"14.496180765917869, -88.50032638857404",14.496180765917869,-88.50032638857404
2024-02-19T12:03:23.705Z,Lempira ,Piraera ,2024-02-12T12:25:00Z,Delitos Contra La Muje u Hombre,Maltrato Familiar,"14.065017271363201, -88.4752487152504",14.065017271363201,-88.4752487152504
2024-02-19T12:05:14.839Z,Ocotepeque,Fraternidad ,2024-02-12T13:22:00Z,Delitos Contra La Muje u Hombre,Maltrato Familiar,"14.544861209536657, -89.07859684112648",14.544861209536657,-89.07859684112648
2024-02-19T13:15:18.834Z,Ocotepeque,Sensenti ,2024-02-12T13:58:00Z,Delitos Contra La Muje u Hombre,Maltrato Familiar,"14.499879188187867, -88.93921860509663",14.499879188187867,-88.93921860509663
2024-02-19T13:19:34.498Z,Lempira ,Gracias ,2024-02-12T14:39:00Z,Delitos Contra La Muje u Hombre,Maltrato Familiar,"14.559750505915353, -88.57106872134364",14.559750505915353,-88.57106872134364
2024-02-19T13:22:45.578Z,Lempira ,San Rafael,2024-02-12T15:17:00Z,Delitos Contra La Muje u Hombre,Maltrato Familiar,"14.725122664700788, -88.41681000359824",14.725122664700788,-88.41681000359824
2024-02-19T13:26:46.444Z,Ocotepeque,La Encarnación ,2024-02-12T15:43:00Z,Delitos Contra La Muje u Hombre,Violencia Doméstica,"14.661567727024487, -89.08647186645753",14.661567727024487,-89.08647186645753
2024-02-19T13:29:25.407Z,Copan,La Jigua ,2024-02-12T17:39:00Z,Delitos Contra La Muje u Hombre,Maltrato Familiar,"15.041454737961946, -88.796097936288",15.041454737961946,-88.796097936288
2024-02-19T13:32:18.514Z,Lempira ,Santa Cruz ,2024-02-12T17:35:00Z,Delitos Contra La Muje u Hombre,Maltrato Familiar,"14.342673873924834, -88.47911441385146",14.342673873924834,-88.47911441385146
2024-02-19T13:33:57.178Z,Ocotepeque,Ocotepeque ,2024-02-12T18:00:00Z,Delitos Contra La Muje u Hombre,Maltrato Familiar,"14.431300385918753, -89.18237679196834",14.431300385918753,-89.18237679196834
2024-02-19T13:36:00.254Z,Lempira ,La Campa ,2024-02-12T18:01:00Z,Delitos Contra La Muje u Hombre,Maltrato Familiar,"14.454177968904377, -88.57946285278831",14.454177968904377,-88.57946285278831
2024-02-19T13:37:44.748Z,Ocotepeque,Sensenti ,2024-02-12T17:35:00Z,Delitos Contra La Muje u Hombre,Violencia Doméstica,"14.49665916292858, -88.94063481138589",14.49665916292858,-88.94063481138589
2024-02-19T13:40:12.658Z,Ocotepeque,San Marcos ,2024-02-12T18:24:00Z,Delitos Contra La Muje u Hombre,Violencia Doméstica,"14.39768730614509, -88.95235934120198",14.39768730614509,-88.95235934120198
2024-02-19T13:42:28.386Z,Copan,Cucuyagua ,2024-02-12T19:00:00Z,Delitos Contra La Muje u Hombre,Violencia Doméstica,"14.649836825995997, -88.87604731397064",14.649836825995997,-88.87604731397064
2024-02-19T15:32:02.876Z,Copan,La Unión ,2024-02-12T19:00:00Z,Delitos Contra La Muje u Hombre,Maltrato Familiar,"14.766012517115588, -88.94876715942014",14.766012517115588,-88.94876715942014
2024-02-19T15:34:16.103Z,Ocotepeque,Ocotepeque ,2024-02-12T19:39:00Z,Delitos Contra La Muje u Hombre,Violencia Doméstica,"14.402914784940428, -89.2001270883225",14.402914784940428,-89.2001270883225
2024-02-19T15:36:20.984Z,Ocotepeque,San Marcos ,2024-02-12T19:52:00Z,Delitos Contra La Muje u Hombre,Maltrato Familiar,"14.413332063991223, -88.9564704796002",14.413332063991223,-88.9564704796002
2024-02-19T15:37:46.706Z,Ocotepeque,San Marcos ,2024-02-12T20:23:00Z,Delitos Contra La Muje u Hombre,Maltrato Familiar,"14.412438423419372, -88.951599588272",14.412438423419372,-88.951599588272
2024-02-19T15:39:22.759Z,Lempira ,San Sebastián ,2024-02-12T20:36:00Z,Delitos Contra La Muje u Hombre,Violencia Doméstica,"14.398707391188669, -88.73019213125876",14.398707391188669,-88.73019213125876
2024-02-19T15:41:25.644Z,Lempira ,Gracias ,2024-02-12T21:27:00Z,Delitos Contra La Muje u Hombre,Violencia Doméstica,"14.621331529918171, -88.58967684650536",14.621331529918171,-88.58967684650536
2024-02-19T15:43:33.722Z,Ocotepeque,Ocotepeque ,2024-02-12T23:43:00Z,Delitos Contra La Muje u Hombre,Violencia Doméstica,"14.43883676602304, -89.18406367696777",14.43883676602304,-89.18406367696777
2024-02-19T15:46:48.936Z,Lempira ,Gracias ,2024-02-12T23:47:00Z,Delitos Contra La Muje u Hombre,Maltrato Familiar,"14.588799556714436, -88.58088056311952",14.588799556714436,-88.58088056311952
2024-02-19T16:54:50.235Z,Copan,Florida ,2024-02-13T13:47:00Z,Delitos Contra La Muje u Hombre,Maltrato Familiar,"15.02978908653629, -88.83856070413817",15.02978908653629,-88.83856070413817
2024-02-19T16:57:59.928Z,Copan,Santa Rita ,2024-02-13T15:24:00Z,Delitos Contra La Muje u Hombre,Maltrato Familiar,"14.921451030467196, -88.98944631838532",14.921451030467196,-88.98944631838532
2024-02-19T17:00:37.964Z,Lempira ,Piraera ,2024-02-13T16:55:00Z,Delitos Contra La Muje u Hombre,Maltrato Familiar,"14.08591126890608, -88.43470321568697",14.08591126890608,-88.43470321568697
2024-02-20T09:28:05.378Z,Lempira ,Piraera ,2024-02-13T16:55:00Z,Delitos Contra La Muje u Hombre,Maltrato Familiar,"14.086041392582999, -88.43490986867116",14.086041392582999,-88.43490986867116
2024-02-20T09:30:13.224Z,Lempira ,Gracias ,2024-02-13T17:30:00Z,Delitos Contra La Muje u Hombre,Violencia Doméstica,"14.590550108547417, -88.57242849711012",14.590550108547417,-88.57242849711012
2024-02-20T09:31:49.236Z,Lempira ,San Francisco ,2024-02-13T17:33:00Z,Delitos Contra La Muje u Hombre,Maltrato Familiar,"14.124381831115636, -88.37468873154765",14.124381831115636,-88.37468873154765
2024-02-20T09:33:46.254Z,Lempira ,Gracias ,2024-02-13T18:24:00Z,Delitos Contra La Muje u Hombre,Maltrato Familiar,"14.585867247141504, -88.56328012987754",14.585867247141504,-88.56328012987754
2024-02-20T09:37:22.353Z,Lempira ,Lepaera ,2024-02-13T18:27:00Z,Delitos Contra La Muje u Hombre,Violencia Doméstica,"14.794724652739854, -88.5961467943862",14.794724652739854,-88.5961467943862
2024-02-20T09:39:03.36Z,Lempira ,Gracias ,2024-02-13T18:45:00Z,Delitos Contra La Muje u Hombre,Maltrato Familiar,"14.63147939144159, -88.65308319010586",14.63147939144159,-88.65308319010586
2024-02-20T09:40:58.654Z,Copan,Dolores ,2024-02-13T19:03:00Z,Delitos Contra La Muje u Hombre,Maltrato Familiar,"14.927013118098547, -88.85581860359586",14.927013118098547,-88.85581860359586
2024-02-20T09:43:14.895Z,Copan,Nueva Arcadia ,2024-02-13T19:31:00Z,Delitos Contra La Muje u Hombre,Violencia Doméstica,"15.065528348050764, -88.72390544647685",15.065528348050764,-88.72390544647685
2024-02-20T09:45:10.718Z,Lempira ,Gracias ,2024-02-13T19:45:00Z,Delitos Contra La Muje u Hombre,Maltrato Familiar,"14.596416182931012, -88.57006075511877",14.596416182931012,-88.57006075511877
2024-02-20T09:50:40.813Z,Lempira ,Candelaria ,2024-02-13T19:48:00Z,Delitos Contra La Muje u Hombre,Violencia Doméstica,"14.091188005213112, -88.55784009094099",14.091188005213112,-88.55784009094099
2024-02-20T09:52:24.379Z,Copan,Nueva Arcadia ,2024-02-13T20:24:00Z,Delitos Contra La Muje u Hombre,Violencia Doméstica,"15.059293767065117, -88.75239846674546",15.059293767065117,-88.75239846674546
2024-02-20T09:54:19.173Z,Lempira ,Las Flores ,2024-02-13T23:50:00Z,Delitos Contra La Muje u Hombre,Violencia Doméstica,"14.707793282268275, -88.62648370064434",14.707793282268275,-88.62648370064434
2024-02-20T09:56:00.025Z,Ocotepeque,Fraternidad ,2024-02-14T09:41:00Z,Delitos Contra La Muje u Hombre,Maltrato Familiar,"14.547902905950085, -89.07020419747052",14.547902905950085,-89.07020419747052
2024-02-20T09:57:39.065Z,Lempira ,La Iguala ,2024-02-14T10:30:00Z,Delitos Contra La Muje u Hombre,Maltrato Familiar,"14.635247311768062, -88.47016334104086",14.635247311768062,-88.47016334104086
2024-02-20T10:00:18.235Z,Ocotepeque,Sinuapa ,2024-02-14T13:25:00Z,Delitos Contra La Muje u Hombre,Violencia Doméstica,"14.447018434005624, -89.16585892482377",14.447018434005624,-89.16585892482377
2024-02-20T10:01:41.732Z,Ocotepeque,Concepción ,2024-02-14T15:55:00Z,Delitos Contra La Muje u Hombre,Maltrato Familiar,"14.48231171637897, -89.21012075536625",14.48231171637897,-89.21012075536625
2024-02-20T10:03:19.524Z,Copan,Santa Rita ,2024-02-14T16:20:00Z,Delitos Contra La Muje u Hombre,Violencia Doméstica,"14.867745236210324, -89.09199391197136",14.867745236210324,-89.09199391197136
2024-02-20T10:05:02.275Z,Copan,Nueva Arcadia ,2024-02-14T16:59:00Z,Delitos Contra La Muje u Hombre,Violencia Doméstica,"15.059362933919871, -88.75271492153317",15.059362933919871,-88.75271492153317
2024-02-20T10:07:33.794Z,Lempira ,Gracias ,2024-02-14T18:37:00Z,Delitos Contra La Muje u Hombre,Violencia Doméstica,"14.666602519506716, -88.56005693850936",14.666602519506716,-88.56005693850936
2024-02-20T10:09:30.397Z,Ocotepeque,Ocotepeque ,2024-02-14T18:31:00Z,Delitos Contra La Muje u Hombre,Violencia Doméstica,"14.422161409692936, -89.17509983946131",14.422161409692936,-89.17509983946131
2024-02-20T10:11:22.524Z,Lempira ,Lepaera ,2024-02-14T18:39:00Z,Delitos Contra La Muje u Hombre,Violencia Doméstica,"14.805006548102412, -88.59608882660916",14.805006548102412,-88.59608882660916
2024-02-20T10:13:08.653Z,Lempira ,San Rafael,2024-02-14T18:37:00Z,Delitos Contra La Muje u Hombre,Maltrato Familiar,"14.725838639416224, -88.41788288715071",14.725838639416224,-88.41788288715071
2024-02-20T10:14:40.703Z,Lempira ,Lepaera ,2024-02-14T19:38:00Z,Delitos Contra La Muje u Hombre,Violencia Doméstica,"14.806354988397322, -88.59651798003016",14.806354988397322,-88.59651798003016
2024-02-20T10:16:18.691Z,Lempira ,Las Flores ,2024-02-14T19:46:00Z,Delitos Contra La Muje u Hombre,Violencia Doméstica,"14.709775334996797, -88.62424137401969",14.709775334996797,-88.62424137401969
2024-02-20T10:18:12.464Z,Lempira ,San Rafael,2024-02-14T20:43:00Z,Delitos Contra La Muje u Hombre,Maltrato Familiar,"14.713994569875508, -88.39745217291416",14.713994569875508,-88.39745217291416
2024-02-20T10:19:41.744Z,Copan,Cucuyagua ,2024-02-14T23:43:00Z,Delitos Contra La Muje u Hombre,Maltrato Familiar,"14.647712670779788, -88.87098114699845",14.647712670779788,-88.87098114699845
2024-02-20T10:21:09.346Z,Lempira ,Erandique ,2024-02-15T11:32:00Z,Delitos Contra La Muje u Hombre,Maltrato Familiar,"14.237590087632682, -88.46663523668936",14.237590087632682,-88.46663523668936
2024-02-20T10:22:58.5Z,Ocotepeque,Sinuapa ,2024-02-15T12:51:00Z,Delitos Contra La Muje u Hombre,Violencia Doméstica,"14.443329716584696, -89.1839648152573",14.443329716584696,-89.1839648152573
2024-02-20T10:27:23.22Z,Ocotepeque,Ocotepeque ,2024-02-15T17:24:00Z,Incendio,Zacatera,"14.432755024650044, -89.18394320195495",14.432755024650044,-89.18394320195495
2024-02-20T10:33:22.166Z,Lempira ,Gracias ,2024-02-15T17:14:00Z,Accidente de Transito,Choque,"14.600195270403509, -88.59154203566312",14.600195270403509,-88.59154203566312
2024-02-20T10:40:43.312Z,Lempira ,San Manuela Colohete ,2024-02-15T17:36:00Z,Accidente de Transito,Choque,"14.442841447156503, -88.67515497866495",14.442841447156503,-88.67515497866495
2024-02-20T10:44:06.998Z,Copan,Santa Rosa de Copán ,2024-02-15T18:08:00Z,Accidente de Transito,Atropello,"14.781228888336281, -88.77968179997704",14.781228888336281,-88.77968179997704
2024-02-20T10:51:50.115Z,Copan,Nueva Arcadia ,2024-02-15T20:19:00Z,Accidente de Transito,Colisión,"15.059651490287097, -88.75304281501063",15.059651490287097,-88.75304281501063
2024-02-20T11:00:24.25Z,Copan,Corquín ,2024-02-15T16:55:00Z,Delitos Contra La Muje u Hombre,Maltrato Familiar,"14.579325335298195, -88.85626325919992",14.579325335298195,-88.85626325919992
2024-02-20T11:02:28.489Z,Lempira ,Erandique ,2024-02-15T18:26:00Z,Delitos Contra La Muje u Hombre,Maltrato Familiar,"14.23752769187747, -88.46620608326836",14.23752769187747,-88.46620608326836
2024-02-20T11:04:02.643Z,Lempira ,Lepaera ,2024-02-15T18:22:00Z,Delitos Contra La Muje u Hombre,Maltrato Familiar,"14.781417892131786, -88.58538153472945",14.781417892131786,-88.58538153472945
2024-02-20T11:05:59.383Z,Lempira ,Gracias ,2024-02-15T19:16:00Z,Delitos Contra La Muje u Hombre,Violencia Doméstica,"14.630611588867133, -88.55919642411105",14.630611588867133,-88.55919642411105
2024-02-20T11:07:30.587Z,Lempira ,Gracias ,2024-02-15T22:53:00Z,Delitos Contra La Muje u Hombre,Violencia Doméstica,"14.594848850168328, -88.5737222886199",14.594848850168328,-88.5737222886199
2024-02-20T11:09:22.572Z,Ocotepeque,Sensenti ,2024-02-15T23:48:00Z,Delitos Contra La Muje u Hombre,Violencia Doméstica,"14.518984879122199, -88.965405959423",14.518984879122199,-88.965405959423
2024-02-20T11:25:47.706Z,Copan,Concepción ,2024-02-15T23:36:00Z,Delitos Contra la Vida,Homicidio,"14.83279321752397, -88.84287349214277",14.83279321752397,-88.84287349214277
2024-02-20T11:31:17.79Z,Copan,Santa Rosa de Copán ,2024-02-15T17:37:00Z,Emergencia Medica,Emergencia Médica,"14.777302160768594, -88.77844915737903",14.777302160768594,-88.77844915737903
2024-02-20T11:33:02.843Z,Copan,Santa Rosa de Copán ,2024-02-15T21:48:00Z,Emergencia Medica,Emergencia Médica,"14.807907199495842, -88.76314274699261",14.807907199495842,-88.76314274699261
2024-02-20T11:34:33.674Z,Copan,Nueva Arcadia ,2024-02-15T22:07:00Z,Emergencia Medica,Emergencia Médica,"15.058786403903651, -88.74138851877544",15.058786403903651,-88.74138851877544
